{"20110000002": {"invention-title": "Wetsuit made with a low-absorbent, good wicking and quick drying fabric", "country": "US", "doc-number": "20110000002", "kind": "A1", "date": "20110106", "application-country": "US", "application-date": "20110106"}, "20110000003": {"invention-title": "Wetsuit made with a non-absorbent and quick drying fabric", "country": "US", "doc-number": "20110000003", "kind": "A1", "date": "20110106", "application-country": "US", "application-date": "20110106"}, "20110000004": {"invention-title": "Fingerezz", "country": "US", "doc-number": "20110000004", "kind": "A1", "date": "20110106", "application-country": "US", "application-date": "20110106"}, "20110000005": {"invention-title": "POSTURE IMPROVING GARMENT", "country": "US", "doc-number": "20110000005", "kind": "A1", "date": "20110106", "application-country": "US", "application-date": "20110106"}, "20110000006": {"invention-title": "HEEL PROTECTORS", "country": "US", "doc-number": "20110000006", "kind": "A1", "date": "20110106", "application-country": "US", "application-date": "20110106"}}